protocol,target_k,k_achieved_mean,auc
BB84,125,198.68333333333334,0.9962962962962962
BKM07,125,198.81666666666666,1.0
E91,125,163.05,0.9444444444444444
BB84,250,399.3333333333333,1.0
BKM07,250,399.4,1.0
E91,250,324.6,1.0
BB84,500,793.8833333333333,0.9981481481481481
BKM07,500,804.4,1.0
E91,500,651.35,0.9962962962962963
BB84,1000,791.1,1.0
BKM07,1000,1595.0666666666666,1.0
E91,1000,1307.6666666666667,1.0
BB84,2000,794.5,1.0
BKM07,2000,3197.0,1.0
E91,2000,2606.3333333333335,1.0
BB84,4000,794.9166666666666,1.0
BKM07,4000,6416.5,1.0
E91,4000,5213.866666666667,1.0
BB84,8000,793.0166666666667,1.0
BKM07,8000,7604.5,1.0
E91,8000,10405.25,1.0
