protocol,target_fpr,achieved_fpr,threshold,recall_at_fpr
BB84,0.01,0.0,0.9663553276058627,0.9722222222222222
BB84,0.05,0.03333333333333333,0.4080489280498808,0.9944444444444445
BB84,0.1,0.03333333333333333,0.4080489280498808,0.9944444444444445
BKM07,0.01,0.0,0.9703336699042413,1.0
BKM07,0.05,0.0,0.9703336699042413,1.0
BKM07,0.1,0.08888888888888889,0.02249999285813034,1.0
E91,0.01,0.0,0.9254468713251306,0.6370370370370371
E91,0.05,0.03333333333333333,0.84924925857114,0.7814814814814814
E91,0.1,0.1,0.7908533121082697,0.825925925925926
