protocol,target_qber,honest_param,attack_param,auc,k_achieved_mean
BB84,0.035,82.73790623627065,0.2452163994169096,1.0,2776.0
BKM07,0.035,0.011949996165746213,0.09848987662513614,1.0,3191.5833333333335
E91,0.035,0.9299999999999999,0.14309592213261155,1.0,2606.0333333333333
BB84,0.0375,99.62226967914219,0.27743709068961836,1.0,1240.9833333333333
BKM07,0.0375,0.01282620990633554,0.09848987662513614,1.0,3195.266666666667
E91,0.0375,0.925,0.1451216404733522,1.0,2599.266666666667
BB84,0.04,108.87241802509604,0.3783574126403836,1.0,799.3666666666667
BKM07,0.04,0.013705586890571997,0.0898943465298781,1.0,3198.366666666667
E91,0.04,0.92,0.14405176545748807,1.0,2595.383333333333
BB84,0.0425,115.30093135956582,0.37869079558745744,1.0,577.9
BKM07,0.0425,0.014588155823276827,0.08937485916154525,1.0,3206.7166666666667
E91,0.0425,0.915,0.14493861529301047,1.0,2596.0333333333333
BB84,0.045,120.24574675418452,0.2088523403837759,1.0,462.55
BKM07,0.045,0.015473945828324953,0.09172998901127705,1.0,3211.0
E91,0.045,0.91,0.14428479693933463,1.0,2600.3166666666666
