protocol,strength,n_repeats,n_detected,n_missed,n_false_alarm,mean_burn_in_keys,mean_delay_key_rounds,median_delay_key_rounds
BB84,0.1,20,12,8,0,300.0,206.16666666666666,207.5
BB84,0.2,20,19,1,0,300.0,173.73684210526315,133.0
BB84,0.4,20,19,0,1,300.0,69.63157894736842,54.0
BB84,0.7,20,20,0,0,300.0,26.85,23.0
E91,0.1,20,17,3,0,300.0,173.52941176470588,138.0
E91,0.2,20,19,1,0,300.0,102.3157894736842,80.0
E91,0.4,20,20,0,0,300.0,37.4,34.0
E91,0.7,20,20,0,0,300.0,22.0,18.5
BKM07,0.1,20,17,3,0,300.0,169.58823529411765,115.0
BKM07,0.2,20,20,0,0,300.0,67.15,56.5
BKM07,0.4,20,20,0,0,300.0,39.25,29.5
BKM07,0.7,20,20,0,0,300.0,20.0,20.0
