seed,fold,n_test_sessions,overall_auc,overall_f1,bb84_auc,bb84_f1,e91_auc,e91_f1,bkm07_auc,bkm07_f1
0,0,59,0.7804132433489828,0.8448225286007627,0.43280894886363636,0.8756218905472637,0.734575,0.7127344521224087,0.9823750000000001,0.9517766497461929
0,1,60,0.8173103616813294,0.8581196581196581,0.6067695035460992,0.8757763975155279,0.8557833333333333,0.8569078947368421,0.9178125000000001,0.8187134502923976
0,2,60,0.8158191510172144,0.8230889235569423,0.48167258522727274,0.7800421644413211,0.8771416666666667,0.7940886699507389,0.9824875,0.9413298565840938
0,3,60,0.8262659033078881,0.5551362683438155,0.5796586059743954,0.0,0.8477833333333333,0.6629955947136564,0.9627999999999999,0.9328165374677002
0,4,60,0.8265140845070422,0.8401084010840109,0.581590909090909,0.8729351969504447,0.7553916666666666,0.695562435500516,0.9863375,0.9537275064267352
1,0,59,0.7818231611893582,0.812671337191593,0.4880894886363636,0.8756218905472637,0.7315833333333334,0.593576965669989,0.9827000000000001,0.9378238341968912
1,1,60,0.7897517106549364,0.8061002178649237,0.5121170212765958,0.8757763975155279,0.8392833333333334,0.6767895878524945,0.92665,0.8164464023494861
1,2,60,0.7564304577464789,0.8853838065194533,0.43691406250000003,0.8756218905472637,0.851375,0.8571428571428571,0.979075,0.9547738693467337
1,3,60,0.821774319827755,0.8162246489859595,0.6260241820768138,0.8209666439754936,0.8553916666666666,0.7047619047619048,0.9674875,0.9405815423514539
1,4,60,0.7828961267605634,0.8475482912332838,0.5957457386363636,0.8756218905472637,0.7761416666666666,0.7053941908713693,0.9867374999999999,0.9634300126103404
2,0,59,0.757983665884194,0.8717086834733894,0.28975497159090907,0.8756218905472637,0.7431833333333334,0.8297520661157025,0.9830375,0.9308510638297872
2,1,60,0.7815219941348973,0.7442472057856673,0.650595744680851,0.8757763975155279,0.8337666666666667,0.5261875761266748,0.9038250000000001,0.690671031096563
2,2,60,0.8116715571205008,0.875866050808314,0.3792897727272727,0.8756218905472637,0.8445666666666667,0.8246268656716418,0.9810375,0.9464285714285714
2,3,60,0.8558103347034645,0.8573130771522193,0.6410455192034139,0.8636942675159236,0.8636083333333333,0.796875,0.9648000000000001,0.9252948885976409
2,4,60,0.8409888497652582,0.8305032417412782,0.6221377840909091,0.8232848232848233,0.7777000000000001,0.7368421052631579,0.98865,0.9632446134347274
