protocol,window,model,window_auc,session_auc,session_auc_lo,session_auc_hi,n_test_sessions,secs
bb84,96,MLP,0.5495829500153327,0.5444444444444445,0.38918959434093436,0.6894486828487568,60,4
bb84,96,CNN1D,0.5542448635387918,0.6400000000000001,0.48757196388170654,0.7660780232003813,60,15
bb84,96,BiLSTM_attn,0.5344771542471635,0.53,0.3808363970588235,0.6781529017857142,60,17
bb84,96,Transformer,0.5223332566697332,0.48777777777777775,0.32797552836484983,0.6352057842046718,60,140
bb84,96,classical_features,,0.741111111111111,0.6065746753246753,0.8627935267857143,60,0
bb84,192,MLP,0.5752599681020734,0.6066666666666667,0.45030691964285713,0.7379166666666666,60,2
bb84,192,CNN1D,0.539103668261563,0.5588888888888889,0.39597800925925924,0.6995910005027652,60,11
bb84,192,BiLSTM_attn,0.5638022328548644,0.5900000000000001,0.43292880727203176,0.7299665178571428,60,14
bb84,192,Transformer,0.5512376395534291,0.5522222222222223,0.3951569884364002,0.7060954861111111,60,291
bb84,192,classical_features,,0.6622222222222223,0.5193941679235797,0.7914565610859727,60,0
bb84,384,MLP,0.5461560044893379,0.57,0.4343132493867788,0.7073957894921437,60,1
bb84,384,CNN1D,0.5338524130190797,0.5344444444444445,0.3881094271412681,0.6704788838612368,60,9
bb84,384,BiLSTM_attn,0.5429292929292929,0.5622222222222223,0.4083600567630899,0.7013265993265992,60,15
bb84,384,Transformer,0.5430836139169473,0.59,0.4467588987764182,0.734770885942761,60,647
bb84,384,classical_features,,0.648888888888889,0.4916180555555556,0.7863002232142857,60,0
bkm07,96,MLP,0.7892513888888889,0.9377777777777778,0.8576729910714285,0.993329810901001,60,2
bkm07,96,CNN1D,0.7760763888888889,0.948888888888889,0.8746350111234705,0.9988502314814814,60,14
bkm07,96,BiLSTM_attn,0.7514520833333334,0.9388888888888889,0.8743711222345816,0.9875902777777777,60,17
bkm07,96,Transformer,0.7824,0.9355555555555555,0.8717645202020202,0.9844023741657396,60,150
bkm07,96,classical_features,,0.9977777777777778,0.9888888888888888,1.0,60,0
e91,96,MLP,0.5836805555555555,0.5922222222222222,0.4506891835016835,0.7287621377465127,60,2
e91,96,CNN1D,0.5613527777777778,0.5722222222222222,0.4155,0.7200571428571427,60,16
e91,96,BiLSTM_attn,0.5880826388888889,0.6044444444444445,0.4565214082792208,0.7419777208992896,60,18
e91,96,Transformer,0.56836875,0.5700000000000001,0.43181113591269843,0.7138389136904763,60,153
e91,96,classical_features,,0.6022222222222222,0.4678485778926955,0.7619107744107744,60,0
