protocol,window,model,strength_bin,n_att,auc
bb84,96,MLP,0.01-0.03,4,0.375
bb84,96,MLP,0.03-0.1,8,0.5166666666666667
bb84,96,MLP,0.1-0.3,9,0.5925925925925927
bb84,96,MLP,0.3-1.0,9,0.5962962962962963
bb84,96,CNN1D,0.01-0.03,4,0.35
bb84,96,CNN1D,0.03-0.1,8,0.5375
bb84,96,CNN1D,0.1-0.3,9,0.7296296296296296
bb84,96,CNN1D,0.3-1.0,9,0.7703703703703705
bb84,96,BiLSTM_attn,0.01-0.03,4,0.2833333333333333
bb84,96,BiLSTM_attn,0.03-0.1,8,0.5
bb84,96,BiLSTM_attn,0.1-0.3,9,0.6333333333333333
bb84,96,BiLSTM_attn,0.3-1.0,9,0.562962962962963
bb84,96,Transformer,0.01-0.03,4,0.3666666666666667
bb84,96,Transformer,0.03-0.1,8,0.44166666666666665
bb84,96,Transformer,0.1-0.3,9,0.5518518518518518
bb84,96,Transformer,0.3-1.0,9,0.5185185185185186
bb84,96,classical_features,0.01-0.03,4,0.4666666666666667
bb84,96,classical_features,0.03-0.1,8,0.7333333333333333
bb84,96,classical_features,0.1-0.3,9,0.7814814814814814
bb84,96,classical_features,0.3-1.0,9,0.8296296296296296
bb84,192,MLP,0.01-0.03,8,0.5208333333333334
bb84,192,MLP,0.03-0.1,7,0.5857142857142857
bb84,192,MLP,0.1-0.3,8,0.6
bb84,192,MLP,0.3-1.0,7,0.7333333333333333
bb84,192,CNN1D,0.01-0.03,8,0.3583333333333333
bb84,192,CNN1D,0.03-0.1,7,0.49047619047619045
bb84,192,CNN1D,0.1-0.3,8,0.6791666666666667
bb84,192,CNN1D,0.3-1.0,7,0.7190476190476192
bb84,192,BiLSTM_attn,0.01-0.03,8,0.49583333333333335
bb84,192,BiLSTM_attn,0.03-0.1,7,0.6142857142857143
bb84,192,BiLSTM_attn,0.1-0.3,8,0.625
bb84,192,BiLSTM_attn,0.3-1.0,7,0.6333333333333333
bb84,192,Transformer,0.01-0.03,8,0.4041666666666667
bb84,192,Transformer,0.03-0.1,7,0.5809523809523809
bb84,192,Transformer,0.1-0.3,8,0.5916666666666667
bb84,192,Transformer,0.3-1.0,7,0.6476190476190475
bb84,192,classical_features,0.01-0.03,8,0.5125000000000001
bb84,192,classical_features,0.03-0.1,7,0.619047619047619
bb84,192,classical_features,0.1-0.3,8,0.675
bb84,192,classical_features,0.3-1.0,7,0.861904761904762
bb84,384,MLP,0.01-0.03,11,0.5151515151515151
bb84,384,MLP,0.03-0.1,7,0.638095238095238
bb84,384,MLP,0.1-0.3,8,0.4708333333333333
bb84,384,MLP,0.3-1.0,4,0.8
bb84,384,CNN1D,0.01-0.03,11,0.3939393939393939
bb84,384,CNN1D,0.03-0.1,7,0.7619047619047619
bb84,384,CNN1D,0.1-0.3,8,0.5
bb84,384,CNN1D,0.3-1.0,4,0.5916666666666667
bb84,384,BiLSTM_attn,0.01-0.03,11,0.5272727272727273
bb84,384,BiLSTM_attn,0.03-0.1,7,0.6285714285714286
bb84,384,BiLSTM_attn,0.1-0.3,8,0.45416666666666666
bb84,384,BiLSTM_attn,0.3-1.0,4,0.7583333333333333
bb84,384,Transformer,0.01-0.03,11,0.6696969696969697
bb84,384,Transformer,0.03-0.1,7,0.580952380952381
bb84,384,Transformer,0.1-0.3,8,0.4625
bb84,384,Transformer,0.3-1.0,4,0.6416666666666666
bb84,384,classical_features,0.01-0.03,11,0.4878787878787879
bb84,384,classical_features,0.03-0.1,7,0.7238095238095239
bb84,384,classical_features,0.1-0.3,8,0.7
bb84,384,classical_features,0.3-1.0,4,0.8583333333333334
bkm07,96,MLP,0.01-0.03,6,0.8444444444444446
bkm07,96,MLP,0.03-0.1,9,0.9037037037037037
bkm07,96,MLP,0.1-0.3,8,0.9916666666666667
bkm07,96,MLP,0.3-1.0,7,1.0
bkm07,96,CNN1D,0.01-0.03,6,0.8777777777777778
bkm07,96,CNN1D,0.03-0.1,9,0.9111111111111111
bkm07,96,CNN1D,0.1-0.3,8,1.0
bkm07,96,CNN1D,0.3-1.0,7,1.0
bkm07,96,BiLSTM_attn,0.01-0.03,6,0.7833333333333333
bkm07,96,BiLSTM_attn,0.03-0.1,9,0.9444444444444444
bkm07,96,BiLSTM_attn,0.1-0.3,8,0.9958333333333333
bkm07,96,BiLSTM_attn,0.3-1.0,7,1.0
bkm07,96,Transformer,0.01-0.03,6,0.7388888888888889
bkm07,96,Transformer,0.03-0.1,9,0.9592592592592593
bkm07,96,Transformer,0.1-0.3,8,1.0
bkm07,96,Transformer,0.3-1.0,7,1.0
bkm07,96,classical_features,0.01-0.03,6,0.9888888888888889
bkm07,96,classical_features,0.03-0.1,9,1.0
bkm07,96,classical_features,0.1-0.3,8,1.0
bkm07,96,classical_features,0.3-1.0,7,1.0
e91,96,MLP,0.01-0.03,7,0.5142857142857142
e91,96,MLP,0.03-0.1,12,0.4027777777777778
e91,96,MLP,0.1-0.3,3,0.6777777777777778
e91,96,MLP,0.3-1.0,8,0.9125
e91,96,CNN1D,0.01-0.03,7,0.49523809523809526
e91,96,CNN1D,0.03-0.1,12,0.4111111111111111
e91,96,CNN1D,0.1-0.3,3,0.6222222222222222
e91,96,CNN1D,0.3-1.0,8,0.8625
e91,96,BiLSTM_attn,0.01-0.03,7,0.49047619047619045
e91,96,BiLSTM_attn,0.03-0.1,12,0.44999999999999996
e91,96,BiLSTM_attn,0.1-0.3,3,0.6666666666666667
e91,96,BiLSTM_attn,0.3-1.0,8,0.9125000000000001
e91,96,Transformer,0.01-0.03,7,0.5380952380952381
e91,96,Transformer,0.03-0.1,12,0.3694444444444444
e91,96,Transformer,0.1-0.3,3,0.5444444444444444
e91,96,Transformer,0.3-1.0,8,0.9083333333333334
e91,96,classical_features,0.01-0.03,7,0.7857142857142856
e91,96,classical_features,0.03-0.1,12,0.3611111111111111
e91,96,classical_features,0.1-0.3,3,0.6
e91,96,classical_features,0.3-1.0,8,0.8041666666666667
