protocol,attack_strength,training,noise_mult,seen_in_training,FPR,TPR
bb84,0.08,naive,1.0,True,0.025,0.475
bb84,0.08,noise_aware,1.0,True,0.025,0.15
bb84,0.08,naive,1.25,False,0.15,0.75
bb84,0.08,noise_aware,1.25,False,0.025,0.075
bb84,0.08,naive,2.5,False,0.875,0.85
bb84,0.08,noise_aware,2.5,False,0.1,0.325
bb84,0.08,naive,4.0,False,0.9,0.8
bb84,0.08,noise_aware,4.0,False,0.675,0.7
bb84,0.32,naive,1.0,True,0.05,1.0
bb84,0.32,noise_aware,1.0,True,0.0,0.575
bb84,0.32,naive,1.25,False,0.175,1.0
bb84,0.32,noise_aware,1.25,False,0.0,0.55
bb84,0.32,naive,2.5,False,1.0,1.0
bb84,0.32,noise_aware,2.5,False,0.025,1.0
bb84,0.32,naive,4.0,False,1.0,1.0
bb84,0.32,noise_aware,4.0,False,0.925,1.0
bkm07,0.08,naive,1.0,True,0.0,1.0
bkm07,0.08,noise_aware,1.0,True,0.075,1.0
bkm07,0.08,naive,1.25,False,0.175,1.0
bkm07,0.08,noise_aware,1.25,False,0.0,1.0
bkm07,0.08,naive,2.5,False,1.0,1.0
bkm07,0.08,noise_aware,2.5,False,0.125,1.0
bkm07,0.08,naive,4.0,False,1.0,1.0
bkm07,0.08,noise_aware,4.0,False,0.925,1.0
bkm07,0.32,naive,1.0,True,0.0,1.0
bkm07,0.32,noise_aware,1.0,True,0.0,1.0
bkm07,0.32,naive,1.25,False,0.2,1.0
bkm07,0.32,noise_aware,1.25,False,0.0,1.0
bkm07,0.32,naive,2.5,False,1.0,1.0
bkm07,0.32,noise_aware,2.5,False,0.0,1.0
bkm07,0.32,naive,4.0,False,1.0,1.0
bkm07,0.32,noise_aware,4.0,False,0.45,1.0
e91,0.08,naive,1.0,True,0.0,0.425
e91,0.08,noise_aware,1.0,True,0.0,0.025
e91,0.08,naive,1.25,False,0.075,0.725
e91,0.08,noise_aware,1.25,False,0.0,0.0
e91,0.08,naive,2.5,False,0.825,0.875
e91,0.08,noise_aware,2.5,False,0.025,0.05
e91,0.08,naive,4.0,False,0.875,0.825
e91,0.08,noise_aware,4.0,False,0.3,0.65
e91,0.32,naive,1.0,True,0.05,1.0
e91,0.32,noise_aware,1.0,True,0.0,0.725
e91,0.32,naive,1.25,False,0.2,1.0
e91,0.32,noise_aware,1.25,False,0.0,0.85
e91,0.32,naive,2.5,False,1.0,1.0
e91,0.32,noise_aware,2.5,False,0.125,1.0
e91,0.32,naive,4.0,False,1.0,1.0
e91,0.32,noise_aware,4.0,False,1.0,1.0
