protocol,family,K,strength,excess_qber,excess_se,auc_features,auc_qber_only
bb84,IR,200,0.005,-0.003039373834890724,0.0018432505428326521,0.49166666666666664,0.414875
bb84,IR,200,0.01,0.0010457988395168871,0.0018922332315163687,0.5295833333333334,0.5225
bb84,IR,200,0.02,0.0038996648594037814,0.0023880435650745725,0.5525,0.5640000000000001
bb84,IR,200,0.04,0.010209278196001939,0.0025649399397342817,0.5170833333333333,0.709125
bb84,IR,200,0.08,0.019647291041991644,0.002830302492636035,0.7437500000000001,0.8272499999999999
bb84,IR,200,0.16,0.03486558989341635,0.0026468336756537503,0.9525,0.9722500000000001
bb84,IR,200,0.32,0.07441733624136382,0.003473922550717261,0.9979166666666667,0.9997499999999999
bb84,PNS,200,0.005,-0.0002600243013502826,0.0028045271221683655,0.50125,0.469375
bb84,PNS,200,0.01,-0.0005443827020869749,0.001995261920785105,0.4225,0.480375
bb84,PNS,200,0.02,-0.0014774925521053098,0.001989837463846191,0.42166666666666663,0.4545
bb84,PNS,200,0.04,-0.0027827642461463187,0.002033896303497538,0.5183333333333333,0.432375
bb84,PNS,200,0.08,-0.001575639633870092,0.002021297810948909,0.6083333333333333,0.44649999999999995
bb84,PNS,200,0.16,-0.0033707201165225284,0.002468818752846692,0.6245833333333334,0.416875
bb84,PNS,200,0.32,-0.00452330319021825,0.0020408659974435798,0.7154166666666667,0.38849999999999996
bb84,IR,500,0.005,0.00016436740119491616,0.0017044924464627025,0.37375,0.49387499999999995
bb84,IR,500,0.01,0.0020627409085760204,0.0012592203659052821,0.5816666666666667,0.59725
bb84,IR,500,0.02,0.004099751849770489,0.0013458562328570061,0.6649999999999998,0.657375
bb84,IR,500,0.04,0.006737674146981662,0.0013002775724251631,0.6425000000000001,0.748125
bb84,IR,500,0.08,0.01873939668983847,0.0015737360489120177,0.94125,0.959
bb84,IR,500,0.16,0.03908596983942834,0.0020615435713522445,0.9979166666666667,0.99925
bb84,IR,500,0.32,0.07564634087121883,0.0019567737372651554,1.0,1.0
bb84,PNS,500,0.005,-0.002849806801794287,0.0014452625497621784,0.4691666666666666,0.40374999999999994
bb84,PNS,500,0.01,-0.0011520297234282328,0.0013360521836778465,0.45791666666666664,0.46325000000000005
bb84,PNS,500,0.02,0.0006154322950810837,0.0013279577682317625,0.5979166666666668,0.52825
bb84,PNS,500,0.04,-9.996512259931312e-05,0.0014144374030964214,0.4387499999999999,0.49087499999999995
bb84,PNS,500,0.08,-0.0007105942699578219,0.0013969483562369326,0.5116666666666666,0.451125
bb84,PNS,500,0.16,-0.0010132347947043457,0.0011981993059473556,0.7595833333333333,0.46787499999999993
bb84,PNS,500,0.32,-0.003921238103409365,0.0012089568206988506,0.8791666666666667,0.34975
bb84,IR,2000,0.005,0.00182239139179826,0.0005796532486976116,0.5354166666666667,0.6659999999999999
bb84,IR,2000,0.01,0.003018405247590901,0.0006811973217565493,0.5879166666666666,0.7270000000000001
bb84,IR,2000,0.02,0.005148098550827353,0.000645448502444759,0.8316666666666668,0.859875
bb84,IR,2000,0.04,0.00844996671579322,0.0005931185400613845,0.9275000000000001,0.961
bb84,IR,2000,0.08,0.018760275275846942,0.0007685035770788806,0.9995833333333334,1.0
bb84,IR,2000,0.16,0.03804138946527713,0.0008566676230577323,1.0,1.0
bb84,IR,2000,0.32,0.07619440301441899,0.0009866518060074616,1.0,1.0
bb84,PNS,2000,0.005,0.00014390447821024943,0.0007050128300325575,0.52875,0.5235
bb84,PNS,2000,0.01,0.00037914740773395406,0.0006243874303281975,0.5341666666666666,0.52
bb84,PNS,2000,0.02,6.904392725805286e-05,0.0006181855527854943,0.40375,0.518
bb84,PNS,2000,0.04,-0.00027204244191736393,0.0006859415926631171,0.6712500000000001,0.475375
bb84,PNS,2000,0.08,-0.00017021098031236304,0.0006956591250783547,0.7287500000000001,0.494
bb84,PNS,2000,0.16,0.00043007950232638176,0.0006287696765013722,0.9349999999999999,0.5381250000000001
bb84,PNS,2000,0.32,-0.0004498419075103649,0.0007117907378301832,0.9891666666666665,0.4725
bkm07,IR,200,0.005,0.0078100266061767246,0.0021124666061095028,0.6487499999999999,0.6875000000000001
bkm07,IR,200,0.01,0.0022866921121533906,0.001971439430680898,0.7304166666666667,0.5563750000000001
bkm07,IR,200,0.02,0.00904438143246896,0.002389930323459112,0.9437499999999999,0.6817500000000001
bkm07,IR,200,0.04,0.021657023113593098,0.0025028582699377633,0.9979166666666667,0.891125
bkm07,IR,200,0.08,0.037717337935222264,0.002732663917972031,1.0,0.97925
bkm07,IR,200,0.16,0.07104250193647169,0.00333407059672646,1.0,0.99975
bkm07,IR,200,0.32,0.13670833527471998,0.00432999245017001,1.0,1.0
bkm07,IR,500,0.005,0.002367929814014222,0.0011784061797019108,0.6545833333333333,0.6068749999999999
bkm07,IR,500,0.01,0.006710538951034337,0.0014777012930554463,0.8545833333333334,0.7225
bkm07,IR,500,0.02,0.006618113037130509,0.0016670063515691542,0.98625,0.70725
bkm07,IR,500,0.04,0.018882766295445205,0.0017869797729850485,1.0,0.938625
bkm07,IR,500,0.08,0.03958218928917876,0.0016350087394958863,1.0,0.9985
bkm07,IR,500,0.16,0.07309961324336367,0.0019275090023451278,1.0,1.0
bkm07,IR,500,0.32,0.13557523750284814,0.00230897870614224,1.0,1.0
bkm07,IR,2000,0.005,0.0029355897434790237,0.000772819068006568,0.85375,0.675125
bkm07,IR,2000,0.01,0.004156675395983467,0.0006854702935913602,0.9679166666666668,0.784375
bkm07,IR,2000,0.02,0.009528564157997785,0.0007096961254615903,1.0,0.9565000000000001
bkm07,IR,2000,0.04,0.01887538207371444,0.000795659327122326,1.0,1.0
bkm07,IR,2000,0.08,0.035887828437145136,0.0008148346021237099,1.0,1.0
bkm07,IR,2000,0.16,0.07137101343575279,0.0010363052136507678,1.0,1.0
bkm07,IR,2000,0.32,0.13640527105214917,0.0014163522873077876,1.0,1.0
e91,IR,200,0.005,0.001424239785406109,0.0022147455633283277,0.5516666666666665,0.535
e91,IR,200,0.01,0.00040988637749740653,0.002375481646523521,0.3733333333333333,0.49787499999999996
e91,IR,200,0.02,0.007908179751271512,0.0021733023378977994,0.5624999999999999,0.6935
e91,IR,200,0.04,0.011923928570766823,0.00275013371866339,0.6824999999999999,0.7298749999999999
e91,IR,200,0.08,0.01895374195783482,0.002492675975623947,0.8108333333333332,0.8495
e91,IR,200,0.16,0.03819556792597434,0.002964749078273751,0.9783333333333332,0.947
e91,IR,200,0.32,0.07271510247108544,0.003857711034126092,0.9991666666666668,0.9964999999999999
e91,ANC,200,0.005,0.002993743849859197,0.0021699943913217144,0.58,0.573375
e91,ANC,200,0.01,0.004072947233951095,0.0023926464992982495,0.49874999999999997,0.5803750000000001
e91,ANC,200,0.02,0.008184786719771048,0.0024625791164251437,0.6491666666666666,0.665625
e91,ANC,200,0.04,0.01401248210294928,0.0025453681281506417,0.7691666666666667,0.77375
e91,ANC,200,0.08,0.02654882822945382,0.00251719249714405,0.8870833333333334,0.92175
e91,ANC,200,0.16,0.05637629421738248,0.0036389939424484527,0.9816666666666668,0.99175
e91,ANC,200,0.32,0.10423901619034627,0.0037951592454688755,1.0,1.0
e91,IR,500,0.005,-0.0007383655043899165,0.0012540880949159132,0.5175000000000001,0.46087500000000003
e91,IR,500,0.01,0.004692191589580577,0.0013080458885353535,0.6791666666666667,0.6920000000000001
e91,IR,500,0.02,0.0028805681415993434,0.0014665898560120047,0.47708333333333336,0.6082500000000001
e91,IR,500,0.04,0.009119428719644287,0.0014238130482257714,0.7183333333333334,0.8121250000000001
e91,IR,500,0.08,0.01953295492707103,0.0015603858175987611,0.9595833333333333,0.97075
e91,IR,500,0.16,0.03677136876251509,0.0019369065785178128,0.9991666666666668,0.9977499999999999
e91,IR,500,0.32,0.07648825471987009,0.0019211518599349996,1.0,1.0
e91,ANC,500,0.005,0.001876950421062458,0.0014064128712404078,0.45666666666666667,0.56425
e91,ANC,500,0.01,0.0054860280837674205,0.0014833407777811358,0.6845833333333334,0.698125
e91,ANC,500,0.02,0.0035016231601326595,0.001470404378055788,0.5979166666666667,0.6162500000000002
e91,ANC,500,0.04,0.015517766225492384,0.0015665961372969845,0.9320833333333334,0.9186249999999999
e91,ANC,500,0.08,0.027898452578622057,0.0014774313898141588,0.9916666666666667,0.9934999999999999
e91,ANC,500,0.16,0.05522518643334788,0.0018629162184935833,0.9989583333333333,0.99975
e91,ANC,500,0.32,0.11125486940709284,0.0024900956330899315,1.0,0.9999999999999999
e91,IR,2000,0.005,0.0007626194524525537,0.0006736269225645006,0.475,0.5602499999999999
e91,IR,2000,0.01,0.003112410493256862,0.0006454664767913244,0.6925,0.738875
e91,IR,2000,0.02,0.0035737682264510157,0.0006351583112750937,0.7275000000000003,0.76425
e91,IR,2000,0.04,0.008630926890597947,0.0007927770844704335,0.9433333333333335,0.948625
e91,IR,2000,0.08,0.017892164869439037,0.0007338245989647557,0.9995833333333333,0.9994999999999999
e91,IR,2000,0.16,0.03730258656922494,0.0010118957579496341,1.0,1.0
e91,IR,2000,0.32,0.07288075340799771,0.0009621596343878328,1.0,1.0
e91,ANC,2000,0.005,0.0011945254288455304,0.0006651126488965994,0.4104166666666666,0.573125
e91,ANC,2000,0.01,0.0031566417107337028,0.0007559763494827813,0.5866666666666667,0.7155
e91,ANC,2000,0.02,0.006922689232019379,0.000647066252830746,0.87,0.92825
e91,ANC,2000,0.04,0.013425760703733879,0.0008184643323835364,0.99375,0.9872500000000001
e91,ANC,2000,0.08,0.025646358921525975,0.0007692704633823897,1.0,1.0
e91,ANC,2000,0.16,0.05626487040141861,0.0007719416842521696,1.0,1.0
e91,ANC,2000,0.32,0.11172186698281766,0.0012428793799733595,1.0,1.0
