protocol,family,K,feat_AUC0.8,feat_AUC0.9,QBERonly_AUC0.8,stat_limit_3SE
bb84,IR,200,0.022931048221096578,0.03018217528817097,0.016893372786355627,0.03898557425510108
bb84,IR,500,0.01155353268889186,0.0162710752637938,0.008665505349468845,0.02465664210714833
bb84,IR,2000,0.004803122469075005,0.007329926455602333,0.004047285882770864,0.012328321053574166
bb84,PNS,200,,,,0.03898557425510108
bb84,PNS,500,,,,0.02465664210714833
bb84,PNS,2000,0.00041220398255126993,0.0004253719962195407,,0.012328321053574166
bkm07,IR,200,0.00842026524552023,0.008849687334755642,0.014809936887583187,0.03898557425510108
bkm07,IR,500,0.0037159874520698273,0.005065901694518161,0.009724656874663623,0.02465664210714833
bkm07,IR,2000,0.0029355897434790237,0.003379772387465209,0.004481788827660374,0.012328321053574166
e91,ANC,200,0.016560934056345206,0.029424475686598676,0.015694200359415832,0.03898557425510108
e91,ANC,500,0.008909210063138584,0.013561015124651915,0.008869356319821772,0.02465664210714833
e91,ANC,2000,0.005701846699434657,0.008128521884974026,0.004312044926625838,0.012328321053574166
e91,IR,200,0.01822653720718199,0.027522957367436828,0.015646186742344474,0.03898557425510108
e91,IR,500,0.011801803951485031,0.01618332282242291,0.008527822849945053,0.02465664210714833
e91,IR,2000,0.00480568979290723,0.0072306198202636215,0.004240099672757128,0.012328321053574166
